{
  "vae": {
    "VoL": 0.0,
    "Tenengrad": 5.293955920339377e-23,
    "HFE": 0.0,
    "MLSD": 0.00010000001930166036,
    "GLCM_Contrast": 0.0
  },
  "gan": {
    "VoL": 0.04465177655220032,
    "Tenengrad": 0.539077639579773,
    "HFE": 0.46739882230758667,
    "MLSD": 0.1480141133069992,
    "GLCM_Contrast": 2.043760061264038
  },
  "diffusion": {
    "VoL": 0.027377936989068985,
    "Tenengrad": 0.2688942849636078,
    "HFE": 0.5195401906967163,
    "MLSD": 0.0941217914223671,
    "GLCM_Contrast": 0.753511905670166
  }
}