{
  "VoL": 0.027377936989068985,
  "Tenengrad": 0.2688942849636078,
  "HFE": 0.5195401906967163,
  "MLSD": 0.0941217914223671,
  "GLCM_Contrast": 0.753511905670166
}