{
  "VoL": 0.04465177655220032,
  "Tenengrad": 0.539077639579773,
  "HFE": 0.46739882230758667,
  "MLSD": 0.1480141133069992,
  "GLCM_Contrast": 2.043760061264038
}