{
  "VoL": 0.0,
  "Tenengrad": 5.293955920339377e-23,
  "HFE": 0.0,
  "MLSD": 0.00010000001930166036,
  "GLCM_Contrast": 0.0
}