{
  "vae": {
    "VoL": 0.018327977508306503,
    "Tenengrad": 0.26557135581970215,
    "HFE": 0.3720218539237976,
    "MLSD": 0.10255634039640427,
    "GLCM_Contrast": 0.6655058860778809
  },
  "gan": {
    "VoL": 0.03826962411403656,
    "Tenengrad": 0.4666449725627899,
    "HFE": 0.461130291223526,
    "MLSD": 0.13090115785598755,
    "GLCM_Contrast": 1.6029961109161377
  },
  "diffusion": {
    "VoL": 0.027898438274860382,
    "Tenengrad": 0.27021709084510803,
    "HFE": 0.5252540707588196,
    "MLSD": 0.09588295966386795,
    "GLCM_Contrast": 0.7948114275932312
  }
}