{
  "vae": {
    "VoL": 0.018977809697389603,
    "Tenengrad": 0.27656760811805725,
    "HFE": 0.3752898871898651,
    "MLSD": 0.10508674383163452,
    "GLCM_Contrast": 0.6988095045089722
  },
  "gan": {
    "VoL": 0.20560096204280853,
    "Tenengrad": 0.20004478096961975,
    "HFE": 0.7635675072669983,
    "MLSD": 0.14327064156532288,
    "GLCM_Contrast": 5.5417561531066895
  },
  "diffusion": {
    "VoL": 0.026779228821396828,
    "Tenengrad": 0.26536059379577637,
    "HFE": 0.520557701587677,
    "MLSD": 0.0953231081366539,
    "GLCM_Contrast": 0.7797421216964722
  }
}