{
  "VoL": 0.026779228821396828,
  "Tenengrad": 0.26536059379577637,
  "HFE": 0.520557701587677,
  "MLSD": 0.0953231081366539,
  "GLCM_Contrast": 0.7797421216964722
}