{
  "VoL": 0.027898438274860382,
  "Tenengrad": 0.27021709084510803,
  "HFE": 0.5252540707588196,
  "MLSD": 0.09588295966386795,
  "GLCM_Contrast": 0.7948114275932312
}