{
  "VoL": 0.03826962411403656,
  "Tenengrad": 0.4666449725627899,
  "HFE": 0.461130291223526,
  "MLSD": 0.13090115785598755,
  "GLCM_Contrast": 1.6029961109161377
}