{
  "VoL": 0.20560096204280853,
  "Tenengrad": 0.20004478096961975,
  "HFE": 0.7635675072669983,
  "MLSD": 0.14327064156532288,
  "GLCM_Contrast": 5.5417561531066895
}