{
  "VoL": 0.018327977508306503,
  "Tenengrad": 0.26557135581970215,
  "HFE": 0.3720218539237976,
  "MLSD": 0.10255634039640427,
  "GLCM_Contrast": 0.6655058860778809
}