{
  "VoL": 0.018977809697389603,
  "Tenengrad": 0.27656760811805725,
  "HFE": 0.3752898871898651,
  "MLSD": 0.10508674383163452,
  "GLCM_Contrast": 0.6988095045089722
}